X_1,X_2,Y
0.20562127882307085,0.17101673052669686,0
0.4906941471964881,0.578869656174953,0
0.6855075416417836,0.6009904585675074,0
0.4081921578778053,0.40794330624747593,0
0.3078813538308296,0.5242304314924743,1
0.5909395014450918,0.6315720074296349,0
0.4080656271740445,0.43718071122615115,0
0.652609568556034,0.5942957879277782,0
0.6013280762195293,0.638314388789134,0
0.3535534343095546,0.3011859353646735,0
0.6548361072909736,0.7225331447912353,0
0.7952078125228896,0.8474009230766599,0
0.12126138809698417,0.22543312699361273,0
0.4882259939948201,0.5462992351008509,0
0.3907494011906405,0.2738038440041633,0
0.5581446245484576,0.48946372454485987,0
0.3753700958938703,0.49062419987694383,1
0.40377791097227456,0.3912184106935777,0
0.5508958734529439,0.7467365238457593,0
0.5377087496381883,0.3099578840248613,0
0.33124411997166847,0.30103543661213855,0
0.0,0.09188716879799086,0
0.5687327660814937,0.5851635918292762,0
0.5633536507909482,0.5109281814712616,0
0.6534842978167716,0.611440262867005,0
0.6805099670834299,0.46240216481146734,0
0.2651409295896709,0.12162074161250769,0
0.4970189567631101,0.43339147960647334,1
0.5587982059169398,0.42366340319951545,0
0.4200120468215408,0.3847580859011025,0
0.5564934613044019,0.5873727511662314,0
0.4133356318750642,0.3894777745236841,0
0.37300587747354574,0.43277691873593277,0
0.2650978882563531,0.3821298243629317,0
0.5565533846039642,0.6832643549180165,0
0.35646021196654953,0.1988256824855233,0
0.5159331701481639,0.47207244392081554,1
0.6890374810449846,0.6710385109031267,0
0.8553911416393996,0.9466841733043962,0
0.8007784411983143,0.8452052486113573,0
0.23744917699826446,0.49704055077213316,1
0.43999374922867696,0.6174006613843047,1
0.7342983740325597,0.8765924515836917,0
0.09445738800369419,0.08290776671470551,0
0.5358270834847632,0.556022210041364,0
0.47791486438841846,0.5082696262243538,1
0.6041663454025,0.7100547902628298,0
0.41846905279245344,0.6051852082885457,1
0.6006498945143333,0.5262968831725245,0
0.3855960417498896,0.5959899276965515,1
0.6901627247098574,0.7368874697601536,0
0.6851401778830977,0.7172291897524398,0
0.7943771170506166,0.8823076875651205,0
0.64935809328296,0.7007524627201276,0
0.551247911052564,0.49449066665340613,0
0.6559154741379775,0.691463200188851,0
0.5906651016817931,0.5862375107404941,0
0.303359665144139,0.45333097744442546,0
0.44380731566104437,0.556656203965177,0
0.37830946747676797,0.42497067905968605,0
0.6411866982512348,0.5447919187467846,0
0.5942935597387714,0.7030850397079045,0
0.7705431222274004,0.7782059232319999,0
0.456523363973011,0.3801544093774025,1
0.6886998212364702,0.6740817889085641,0
0.5599468548347356,0.46594846533487166,0
0.2979543875554797,0.21520939838397257,0
0.4124549153784235,0.5579597701599053,0
0.5611260176438014,0.3850675903101929,0
0.5420285303869198,0.6994560647710206,0
0.7432323338870435,0.6736333219420556,0
0.5168034632836552,0.7433880165286834,0
0.5115962430840639,0.4221496574411509,1
0.5487115578935492,0.4722942974573835,0
0.7896607600548247,0.9541265029517396,0
0.5768618714622326,0.5747891040161035,0
0.5484567645920977,0.6599751779566729,0
0.643799211471509,0.5270477480098763,0
0.7245571249938387,0.6832074871454821,0
0.4843563261954799,0.5362242512082632,0
0.5353020769842937,0.6731812445545609,0
0.3602276744356832,0.5082167365842245,1
0.7283123704121548,0.8169606971492729,0
0.511097655011591,0.5457764698881855,0
0.6125963997377697,0.5667375454100357,0
0.2732352101141201,0.3036554747698478,0
0.5952065531630617,0.7727194263653097,0
0.3329698312999747,0.42300738824637407,0
0.38349005209683884,0.46191503230751274,1
0.4603426700598304,0.5305254340660013,0
0.7663478730260684,0.6487795982500043,0
0.516070024774112,0.5802644512396123,0
0.5571766952193768,0.69921616867292,0
0.7294000473569359,0.7688335745832316,0
0.3338399340146321,0.28689304495021534,0
0.20187756960027126,0.12979266587035543,0
0.5443957088827557,0.4760871612524035,0
0.44653568009229183,0.45275697547912297,1
0.5317956415826838,0.40756463286582667,1
0.5651301222930554,0.6591329649515949,0
0.570884085552813,0.7551942679835766,0
0.4903866069953066,0.5235405288617775,0
0.5218686823578625,0.5221094946800837,0
0.4980892667261081,0.3511168010239135,1
0.6358800097152814,0.5907241997091863,0
0.49618563232498747,0.4960963043742681,1
0.5513411742415986,0.3462274459339999,0
0.7135312772240725,0.573852788071826,0
0.7479789143944338,0.7625339791679868,0
0.2296847555618186,0.4351266405958053,0
0.6644466198448324,0.5552699666240137,0
0.7867124416885956,0.7027473079479192,0
0.48483749997163916,0.6070025520025574,0
0.7581793552435101,0.769053238668253,0
0.48392296002234547,0.3895130836413836,1
0.558675801733272,0.7167167462811117,0
0.3290403783973437,0.4272812678195989,0
0.6344927195923454,0.641717610244674,0
0.5979147256946823,0.7112524439806371,0
0.6444198288323993,0.5978020156813899,0
0.5734301342186127,0.6798555759835475,0
0.28918462235889697,0.2974997838771628,0
0.27251612239561984,0.32249380450051474,0
0.30007270216903587,0.5484043428867313,1
0.5966446497722653,0.611638352653918,0
0.37504618500265624,0.670961418052861,1
0.5621822751604469,0.6974006989201021,0
0.39626339677925393,0.43951945180330604,0
0.4897804905181869,0.4752512343460945,1
0.4474495342299986,0.4325803092619832,1
0.7556483512160732,0.7268399465644744,0
0.4912352970461249,0.5077293496658335,1
0.6208826240245423,0.4906758192516279,0
0.5834557759204722,0.4781455291379364,0
0.5801142241142909,0.47730769089295655,0
0.706800953487003,0.6370224285550716,0
0.37886809281239003,0.43629998452919316,0
0.5152526312313828,0.6458360423340289,0
0.6911966822751097,0.5222819647198016,0
0.2948056243291145,0.4063935990582219,0
0.23831880280147388,0.26266256130703236,0
0.35589559073100935,0.29128233694042777,0
0.47376718969243875,0.5269923881929686,0
0.261087549881916,0.37352386745148014,0
0.3023184161423823,0.3295061414049351,0
0.5211116969073797,0.2415763633897468,0
0.4139535649965646,0.3460174495031192,0
0.7870227204534961,0.6195145976607496,0
0.3918702839057113,0.42977925663526123,0
0.438267132766733,0.5420688479977503,0
0.6159951220186809,0.5218935143122118,0
0.3176717779714492,0.51961080970922,1
0.30533354013843983,0.3781056820678791,0
0.38602151412507874,0.36885019567206917,0
0.5843705142292991,0.5679193629152132,0
0.6029442022508706,0.5931664398968385,0
0.5642312553710832,0.5634833264348532,0
0.3082265582376375,0.39259470052196843,0
0.2427579833787596,0.3232327375893773,0
0.3266787322549657,0.32920384325578855,0
0.4648353779002802,0.6013049975395478,0
0.47776361236935905,0.4491315194045814,1
0.33774883438564746,0.47351141104105904,1
0.38944465572763676,0.32425790559739925,0
0.6574639115184295,0.5975666684682774,0
0.27258446320465146,0.358556680284129,0
0.6193339607329076,0.5749467244128676,0
0.5501985051279586,0.39865364839090356,0
0.6111546457012234,0.5612574525347707,0
0.8663236485070887,0.8632037003161634,0
0.7335448408300037,0.6572839082105537,0
0.5544621769750298,0.7427291751414441,0
0.7345239763478157,0.6757443929164999,0
0.434739387443388,0.5271819469604446,0
0.5218520481467499,0.37488139272776244,1
0.6610478615115735,0.6839561710859511,0
0.35702240369001825,0.5901688037739832,1
0.5912272831125674,0.49782939156840456,0
0.5228397116801037,0.8685273959396812,0
0.6470135086082536,0.6259430659819286,0
0.8438241393169941,0.9956958256391804,0
0.4243309034627135,0.4234328618836271,1
1.0,0.9974715012713268,0
0.3761491808938644,0.2777704034033392,0
0.6412480874684596,0.8147642882104,0
0.36178905382086474,0.3426935378859375,0
0.5547251962080854,0.42363305034815135,0
0.3584354663157979,0.36386537167193095,0
0.6061424804112132,0.5026473035331939,0
0.26382790370860687,0.14312062204373632,0
0.18497208396194048,0.20160139596181964,0
0.3962171698444107,0.6097835573520909,1
0.47266145366454315,0.7127369091380388,0
0.5551892883671049,0.681507203600476,0
0.531200825561193,0.5607247292455348,0
0.5215957438456936,0.5346877025832317,0
0.5006278406215816,0.44607471399945775,1
0.3720702456233739,0.3260232686518713,0
0.4428145345837377,0.43701763702104796,1
0.7256084300688059,0.7634413516863108,0
0.5427294973891796,0.5399595899962187,0
0.39792817627431654,0.3006917487990318,0
0.40678735017997025,0.44456661986432305,0
0.4817919909240839,0.44183384014996036,1
0.6238502699508295,0.5863424214327193,0
0.6486413873296994,0.5762351005112607,0
0.7214689771688454,0.7463907993038468,0
0.30648734400042665,0.2296395422335727,0
0.8759834717836973,0.985594104053134,0
0.573571551699112,0.5604158564304877,0
0.3212163154480816,0.19603990914003577,0
0.09163793689586425,0.18487914769231278,0
0.788449315963673,0.7291441405590856,0
0.2865510129919525,0.2294169045593638,0
0.39131301544789454,0.4010701300965839,0
0.53127106847023,0.5225906323571146,0
0.7454140843076162,0.5832780508446845,0
0.3765411888966712,0.3516605325850095,0
0.3916249044792133,0.4383720457175319,0
0.5839061268131025,0.5528355254199593,0
0.36820263888745025,0.6890133474040953,1
0.6610912522696187,0.7488213463575157,0
0.33405888346772417,0.3353329615456693,0
0.6250847829556828,0.7139529722116277,0
0.22314745354016163,0.24996578015441206,0
0.6001144888388072,0.6443201091471528,0
0.3108855093014481,0.08345248845205311,0
0.960030458830365,0.9594110398613445,0
0.3242356448597036,0.5957937055563458,1
0.32565294537020106,0.39803900795080305,0
0.6841706674241973,0.6672499382935291,0
0.7175292784073105,0.5896174370889942,0
0.876306453363533,0.8147131415701614,0
0.5435532487461574,0.6717998530635917,0
0.4210841395322776,0.2788106981094695,0
0.5461771399381572,0.492394771287503,0
0.3929055502354444,0.4795566008561479,1
0.5924444714137832,0.49055907148590217,0
0.7606192117667913,0.6865115923983265,0
0.3131608187738786,0.22524425984661428,0
0.6062645978309479,0.5033423898924917,0
0.5423614684320683,0.5689706905353656,0
0.3787721506698386,0.3425754777012301,0
0.38606474117779443,0.31490633612696306,0
0.501072140590788,0.40953781731237415,1
0.6338946168738349,0.6578816201186541,0
0.6019799961408117,0.5037921745521697,0
0.6260502485970393,0.7932755036199882,0
0.5156609764320604,0.5254098825104059,0
0.6110068283430397,0.6785356875870318,0
0.7459260257388889,0.6711202746572811,0
0.6728768966229395,0.6679449948748051,0
0.5725790902534325,0.6428431453264948,0
0.5166842660501979,0.4423549856694524,1
0.47118370568100504,0.494893286386967,1
0.4233087923614279,0.7467847467265456,1
0.5912398063554987,0.47807819027701604,0
0.40086509636243645,0.3084747888060468,0
0.44813388988085745,0.40079158412028626,1
0.7563896588934074,0.5751285072981972,0
0.5112851485064082,0.5189725327477251,0
0.1179978892325329,0.27447155309004895,0
0.6835148688086551,0.8154038930558056,0
0.3436463098034758,0.28973409357964763,0
0.3532103804438964,0.3259714405345333,0
0.19756447183576514,0.17868970690668945,0
0.2549702162481588,0.19494599290135795,0
0.5440421271782964,0.5825587666352714,0
0.47490371886664395,0.4469322570939045,1
0.6707330331295092,0.539247359211801,0
0.5919801853698766,0.5569775167942731,0
0.6439226683737648,0.5877528613596655,0
0.7122879772408891,0.563785652002934,0
0.28601231105028346,0.46153865631149166,1
0.5833430849650575,0.6476339600293854,0
0.8494773395597348,0.831086400024768,0
0.3023817530913554,0.25312101009272336,0
0.6217695351804627,0.6752595142895241,0
0.537852811154885,0.7249144722907093,0
0.22901644422992418,0.35583378110379066,0
0.3958144039165581,0.4689325302262961,1
0.49117137223411234,0.6113814086532149,0
0.3906129703697746,0.320209205457944,0
0.4686980274409832,0.2567930616078228,0
0.45437376025943677,0.3264155522763904,0
0.5672195347813657,0.6484696403429742,0
0.4703531749743274,0.6769940932047493,0
0.26481633437554636,0.24083693750341711,0
0.6915996728651959,0.5195943679819266,0
0.6295539893801951,0.7930856662635644,0
0.22230613391650267,0.48305186868714595,1
0.45676444827082735,0.26930158699764,0
0.5852263512957832,0.5189565513796456,0
0.6140612900182231,0.565060283666848,0
0.4670697645160605,0.48663940476176304,1
0.498584069030113,0.49748169468319786,1
0.43294595825235777,0.3249744090579021,0
0.6114266868499101,0.7578329372343656,0
0.3907841284819587,0.561184155046374,1
0.6136176639980616,0.768148015898582,0
0.6190638084907579,0.6571634374921317,0
0.45117245116060656,0.3888884762173842,1
0.151620375557945,0.29535902948211734,0
0.49482295696602824,0.4621531078732055,1
0.6339449704610547,0.6574173915341358,0
0.6079819745673626,0.6745468361349636,0
0.8300956703977491,0.8717079735070457,0
0.583883465362249,0.8134717070237225,0
0.5254695862606407,0.5339184045604815,0
0.6525761187988715,0.6830338441572104,0
0.6031566291593056,0.6515010044152613,0
0.19922365606842485,0.29454227646442466,0
0.44034985419733036,0.4539977396586854,1
0.38830810625187673,0.5225751243493363,1
0.5025200532837458,0.4586772129148991,1
0.6844385823932531,0.6483401083614013,0
0.43681250616310363,0.4466443593049477,1
0.6501633463412224,0.5798907813490095,0
0.4722258174112894,0.4885305347011377,1
0.4064882073141852,0.39313290946265295,0
0.666558040464708,0.9035732954349986,0
0.47702938323249355,0.586162588176732,0
0.39484966708167346,0.4664342239461934,1
0.415474273185104,0.4591119833655273,1
0.6849936497857251,0.6085995891490155,0
0.7011151961599174,0.7213375919236904,0
0.4370815572037602,0.4947998434253093,1
0.47700345012847317,0.49950884838295856,1
0.5676297374455561,0.6218222006187691,0
0.7181826491316785,0.8751069441542612,0
0.7226060220125061,0.7109167543033013,0
0.45311004709464975,0.5895200341204963,0
0.739403585462158,0.6510639584496963,0
0.7062158737866603,0.7003244567151697,0
0.6352670926289363,0.42668178210160396,0
0.7104111682647145,0.6497816525416514,0
0.5818052477295294,0.3798031224812508,0
0.5810217422201917,0.5294574052355117,0
0.8854207768337232,0.8473248453387625,0
0.5746597386363558,0.6551062147092885,0
0.701947176988807,0.7284696938414023,0
0.5034484876320455,0.6293265917553469,0
0.4594710672508676,0.21502416560548948,0
0.78177498750527,0.8714188350174836,0
0.58047002077167,0.5590750350938374,0
0.6083743107009798,0.6741563362345709,0
0.5393318864482753,0.661557212242978,0
0.32942899069445586,0.5091714822761763,1
0.5237617386820953,0.3848771481792781,1
0.5900280569998088,0.5813437449793194,0
0.4781360721867369,0.3548765023645958,1
0.09876744514330488,0.18398517326835861,0
0.30992132134370254,0.3715009769892642,0
0.555303904607,0.8147572416671629,0
0.4816805643641436,0.5828516883654766,0
0.5117856401974772,0.7349913883869662,0
0.8065135015767688,0.7029894632575374,0
0.5913309918534502,0.5368860871453128,0
0.7131261993157615,0.8453939662867479,0
0.588468934061138,0.7477146826473526,0
0.5924121770248008,0.5693364127509937,0
0.5306564950009323,0.5686712979821368,0
0.6327881350097302,0.6699208991711706,0
0.7546480574031135,0.7316365799638651,0
0.6055898324645109,0.6892264882914466,0
0.5572349554538293,0.574515822885245,0
0.479746905428727,0.57112853649379,0
0.26860445117722037,0.2503092915694623,0
0.4152304214251985,0.2743242924192378,0
0.6795225549416021,0.6827458746047954,0
0.4737020754591266,0.6091005516494045,0
0.3766707133178806,0.29935952745891703,0
0.649249295231739,0.5265479296395821,0
0.5484381156041691,0.7655263391635307,0
0.6110394333293923,0.8152771062959212,0
0.6535525268253038,0.7552625056722738,0
0.7254033719097399,0.5677853477000843,0
0.5242023416327646,0.5791288794169224,0
0.8612763435841402,0.9054853672176641,0
0.4597568650721173,0.6633679476024106,0
0.6619165257973003,0.8202371531828667,0
0.42847273438072414,0.3595133255565919,0
0.5284472851282954,0.4101505168814238,1
0.40050339746770447,0.36859897373717687,0
0.7703366092482578,0.900126597000138,0
0.5497437262526633,0.4925311542343444,0
0.641427245130669,0.6521962992177229,0
0.3498719431187618,0.36613002709493525,0
0.545759606371879,0.5175762340883652,0
0.6624940176243453,0.7131514012812941,0
0.706659205840496,0.7351203547999182,0
0.47735616861992247,0.4707235452892632,1
0.4408023831245964,0.4087148893905847,1
0.27616461313787466,0.1802856608954495,0
0.32305031335434364,0.3602334030414923,0
0.5884927412824913,0.40109114985649297,0
0.42550593402267317,0.4231510654349482,1
0.5876128520964841,0.5040476156382995,0
0.320225481289173,0.413629993238345,0
0.3759828871442036,0.4118034629798346,0
0.5077306959479028,0.6155561821033884,0
0.5827260124171907,0.567662801061732,0
0.4356523841825999,0.5687129596752538,0
0.4156825910497429,0.3214217017184525,0
0.6082688373707688,0.6927423499286582,0
0.537175390639717,0.7463925385573652,0
0.49558001027659576,0.7200990204211022,0
0.6917725595018123,0.7742694372651864,0
0.49751550083329354,0.6517967108530842,0
0.4726283334872023,0.5082661630113027,1
0.19383797726188834,0.2686019381432684,0
0.6130384257625514,0.6607116605688557,0
0.5634237728279985,0.6580098147567378,0
0.5358747618892575,0.447691846346843,0
0.6220831308256647,0.6798978203652746,0
0.4109160063893674,0.3826216740696933,0
0.2518714771832068,0.22651898842104112,0
0.5505578647249919,0.5823000007138601,0
0.4559030517043956,0.4253695811093948,1
0.6635569085034844,0.8760772788826423,0
0.40496965594978385,0.40190811826752243,0
0.5110582638866937,0.5910822068500823,0
0.5849465034904063,0.7120717880143854,0
0.48864090119780124,0.5867699793087316,0
0.6571809302224871,0.47642738655603123,0
0.18188646193019692,0.15273356818668382,0
0.36705693225888486,0.43314214801454803,0
0.41535380592559035,0.5080603290482274,1
0.30780317387161465,0.2199462620019681,0
0.17915968435143087,0.2706852934880972,0
0.6292089938344541,0.629000419276719,0
0.3909319193714174,0.41920523166674595,0
0.8979488020514066,0.8048431203081385,0
0.18090376170312128,0.24825352656477784,0
0.5699301154800231,0.5862426037198455,0
0.6076468746887784,0.5491592399091509,0
0.6798575007855409,0.5785936860000397,0
0.40782827600354854,0.3636310289403224,0
0.7082047244220115,0.7251684385565109,0
0.5701737518923876,0.7558243051356509,0
0.5168545566967426,0.5981088599270934,0
0.516079632009162,0.35411459566565884,1
0.4873963045174269,0.40497409467484835,1
0.5647576491778945,0.6316212758775444,0
0.5369574194792534,0.5862460945333406,0
0.8221462135513464,0.8891675785857097,0
0.6023591789829807,0.5857177540734115,0
0.5271163481308393,0.41219297969276336,1
0.3041668920381362,0.5324341909907425,1
0.747375061791817,0.7169024904746839,0
0.2874277554440998,0.3390183925284999,0
0.575779972269074,0.5028500107694107,0
0.7704564415637427,0.7861394482553401,0
0.6973435403277386,0.6639765222259627,0
0.5594186086546158,0.4806837504827398,0
0.44642314795790383,0.45378351225786734,1
0.48644739027036077,0.45198953500507916,1
0.40960058564551405,0.4108647730985209,0
0.31644900137070564,0.39711341583732906,0
0.5105877039731701,0.28986082563249155,0
0.37453342805517287,0.37478929336725647,0
0.7767505785873803,0.5334622174602582,0
0.5388662132578432,0.49570306067007186,0
0.5737388061259716,0.723584310619407,0
0.45723531345627666,0.6189566372324851,0
0.44762372622735186,0.3126912330989814,0
0.570955133948256,0.6290496753411984,0
0.7466538608479502,0.7320483842430099,0
0.774607715624485,0.7962062518430156,0
0.6576726341060682,0.5553761442003584,0
0.33112349415392506,0.46114068809074077,1
0.4365277276149421,0.6283286174247866,1
0.7815889548086508,0.762897655657245,0
0.29638543486122726,0.29278176992463123,0
0.6430224873364812,0.6667951943864578,0
0.47940863657767613,0.6530372606300792,0
0.5234027216825395,0.6687537659026507,0
0.48483128215234206,0.6716936035619544,0
0.4383056269503741,0.5214464270029281,0
0.3560754262410051,0.1999979226723801,0
0.2121281156959801,0.16160523593329973,0
0.5162644423134558,0.42273517285308343,1
0.3670459757176125,0.4906428340753315,1
0.6918893753183324,0.7883125419857705,0
0.749784687624258,0.6634929906702879,0
0.8266727937498747,0.775566546828767,0
0.3462412067129157,0.34854403226221886,0
0.6236163376680484,0.5771962475380219,0
0.4255913418135685,0.563438479983393,0
0.5571371449062331,0.6282387937149514,0
0.5155478775478921,0.5237545771843005,0
0.5250094871347308,0.5579049899391756,0
0.4125519613869535,0.36139142898426757,0
0.7483408928813859,0.7526080170518746,0
0.5969744515099685,0.6406953538148635,0
0.5610720399469588,0.5955336312891271,0
0.3995633016710766,0.3749228619689713,0
0.6908357790625115,0.790926539866736,0
0.6596568298172564,0.4925310764169107,0
0.7324332819970847,0.8618859100567312,0
0.664633550002711,0.8180883331287421,0
0.3555774523890133,0.31719163995492294,0
0.8026355490192036,0.8844693558006159,0
0.37229520287424933,0.47256309940236496,1
0.6113243676056124,0.7377267157250352,0
0.6619960037942256,0.843896307342179,0
0.3583929643309155,0.33855803815241625,0
0.4906703964824629,0.4277946371008474,1
0.4568308107298255,0.4725999246962792,1
0.3109597361040214,0.411946841870987,0
0.373996409981169,0.4523115839692581,0
0.5091427639281654,0.45708889517387696,1
0.33239368151126303,0.5370594950702252,1
0.800217119731826,0.6901394065542981,0
0.3786960489252771,0.5255246432603601,1
0.24430980149776033,0.22504739104628457,0
0.8093083169141744,0.7541141595475712,0
0.6680817549380699,0.5882036056736566,0
0.5695784955912548,0.46498916976999427,0
0.7131481723233276,0.7623299954775667,0
0.4765768447358498,0.47220353045889246,1
0.46833291917492637,0.5307309471488585,0
0.6031987581663718,0.6892596568040814,0
0.534247401562932,0.5890085582819651,0
0.8546950713939949,0.949562744071285,0
0.4179431942508176,0.30601672591261775,0
0.4551690322175277,0.3125365231122099,0
0.5185197397352754,0.4758456046596429,0
0.533694955675772,0.48849781405744935,0
0.5325384757748077,0.4483913950713935,0
0.4673115630846772,0.48897703864270853,1
0.29982613027255356,0.440354519312299,0
0.8106896361722387,0.7387607580323101,0
0.5764219063597322,0.5545891560199039,0
0.47320687222525215,0.509928146008037,1
0.7910150200520124,0.8672985881577083,0
0.45633696989075195,0.38296649602321603,1
0.6849311476055411,0.5646513006377016,0
0.19680557060013903,0.18593342027758525,0
0.6227474720676258,0.7568225165374749,0
0.25606878064437977,0.2524770058530038,0
0.35807062167531567,0.4584176859428617,0
0.6566912764204322,0.5989902132523095,0
0.6497239669492151,0.6291710778723306,0
0.6984585455637683,0.5871652609981198,0
0.8626896586426003,0.9777138786771065,0
0.454969904630758,0.3703975528235832,1
0.6331174448594936,0.6628045696405841,0
0.7147903162644781,0.5048059981931466,0
0.6439380557629774,0.6538335119915839,0
0.6688571043644103,0.7291453066151702,0
0.3113003396408293,0.11380755056452485,0
0.619950966758444,0.6483135627919047,0
0.6587784307387443,0.6644963655804883,0
0.44710580122555404,0.5396996535415168,0
0.6471965407761578,0.4983035577667768,0
0.6561691348048007,0.7355570593847023,0
0.29825769844943806,0.3943265225837029,0
0.654010383356602,0.6064614420736251,0
0.5684040118040693,0.47280963948481053,0
0.6743991543270083,0.7363186678288932,0
0.15363625673828735,0.13406488123643456,0
0.47218818339360946,0.4785722995507961,1
0.6683344800831861,0.6051117371448665,0
0.7122952070511549,0.6275000485057302,0
0.5755991718683864,0.6326079313526249,0
0.6607702693652803,0.6196308155294571,0
0.34418737980685904,0.3425640707589578,0
0.7569386697237779,0.780553370598062,0
0.7258326012889978,0.7015515685631976,0
0.5234777793058505,0.47600976336412676,0
0.4232516478038011,0.5072221218034085,1
0.6009012751456352,0.4600521184687144,0
0.5156425640593317,0.42412846208089716,1
0.7108589127551436,0.4444969712669297,0
0.6941851136850796,0.621775613952535,0
0.38836021578986213,0.33523266575560895,0
0.48168805982617313,0.4261977111649083,1
0.7889281239727354,0.9453822069056275,0
0.45621305817078894,0.33394713774076895,0
0.4083372802379115,0.528091962985959,1
0.42849328313065427,0.5185392912350875,0
0.6282583087368272,0.5143231872110373,0
0.4997350363563754,0.6217783127140231,0
0.40635020125873905,0.38714785169973076,0
0.8652063198365049,0.8135745941069675,0
0.46282355203570824,0.32400858441166597,0
0.6501767233291398,0.6807073930042498,0
0.5185007959885004,0.7751452182275353,0
0.5222407824300443,0.5874961819843645,0
0.6938118701042263,0.7504182043549162,0
0.671238934680093,0.8845135054280021,0
0.5217814859219457,0.5876162575224619,0
0.6282529673104572,0.6103808961800723,0
0.46173258493210073,0.5859344271321325,0
0.3511604853592476,0.26823948738126885,0
0.6042625050595565,0.6225447307598374,0
0.42864260340894866,0.4074169455209731,1
0.683329465897595,0.5528093892477739,0
0.7611820482065741,0.7952487267913018,0
0.4371395690402535,0.3322224371194955,0
0.6896231453636841,0.6029859303078068,0
0.45268212284449255,0.48656748466312527,1
0.48106596641271965,0.6143878092125085,0
0.6030944320789935,0.5294958544593765,0
0.4593107166416801,0.6409620593149358,0
0.49308913714306457,0.4854962368225744,1
0.38929618724988735,0.5577623800909242,1
0.7891966031652942,0.49853062202515375,0
0.37300454614923156,0.4274938582668509,0
0.3848436200404346,0.5486107671094945,1
0.3444790963231522,0.46384441095650475,1
0.4758888677941404,0.46822253171019373,1
0.4174864117075324,0.39639601838611815,0
0.5927931656041333,0.5085618435805994,0
0.7070584579413803,0.7153420891577549,0
0.6146805014963832,0.7639900722750215,0
0.4420663133847522,0.19248279575878446,0
0.6880151896987353,0.7334955985128666,0
0.3779241357042247,0.4029385580961977,0
0.2791688887189888,0.24017262423007735,0
0.3495082480199675,0.4813372458672101,1
0.42618655369447783,0.42955352890742315,1
0.3264221419044545,0.3174972930722726,0
0.5294021148770781,0.6096192506277657,0
0.30675437637723924,0.38870601097691654,0
0.6982213277898799,0.48066425321415823,0
0.6770839189245851,0.8631646744775725,0
0.48322481238861786,0.3700212042534354,1
0.6835449774551765,0.7231884972002136,0
0.3201468843359902,0.2895164602711838,0
0.3381306309619523,0.5257515411523507,1
0.12283262055035488,0.25526784561263544,0
0.8154514113974584,0.7717093220567827,0
0.28831502790678626,0.31399913879190977,0
0.670871705279779,0.6470756733765831,0
0.7413767714099135,0.8987815360219644,0
0.5141624839378416,0.42353233949543745,1
0.5348045453436865,0.7003243600936009,0
0.5417545363516207,0.6247252204977726,0
0.6321380414147968,0.3626654190495644,0
0.4888028716067063,0.646801291602467,0
0.1720477054122383,0.142875034368926,0
0.6454171336926979,0.7394401610139814,0
0.5939924000145539,0.46727251085666033,0
0.8809352957352978,0.6251852527789434,0
0.3023511389702636,0.31115763468604324,0
0.40458425202567133,0.4690399752182049,1
0.5549987395276096,0.5460314845829366,0
0.5785041878091526,0.7051873008801071,0
0.7120633855110075,0.5817003734700339,0
0.6725920768899157,0.5387741181603816,0
0.7744227656209458,0.6640962444928469,0
0.4571138505524645,0.5184352548908421,1
0.5274346593754548,0.5797320934907955,0
0.4941561887122541,0.5816584077026884,0
0.5926590069667956,0.5109335861615959,0
0.44144394173383494,0.5004486081635844,1
0.767468924593221,0.8163411772047885,0
0.30338589655129555,0.3310230242886396,0
0.4751280049647641,0.4779493142632803,1
0.5796033594317138,0.6300419307264322,0
0.3769306719502501,0.4866346148251467,1
0.4901702025882711,0.6001026881552319,0
0.3248507937832943,0.2281804213074916,0
0.6195212269441379,0.5517907831464687,0
0.5611629568733694,0.6396412479752775,0
0.6910826880780714,0.6560994162460356,0
0.7653397034115113,0.7993730591498285,0
0.6688958286766187,0.5123733718529803,0
0.33478900360624025,0.3919909661220225,0
0.7608697913178347,0.7598032661602135,0
0.5177926783023152,0.6029055623087731,0
0.3506235219776179,0.5170107746489715,1
0.6407560587891206,0.6182424674057483,0
0.24223245126364706,0.2474947053540738,0
0.6934507325949032,0.7188614311830774,0
0.6308717555247281,0.5862353939649941,0
0.5334362533690387,0.5305038463910667,0
0.4759230543708001,0.47497477863565607,1
0.5074183080562985,0.38569335639517305,1
0.3475274914840709,0.3518813341356923,0
0.5764671798948434,0.697545056089604,0
0.30789684554201713,0.5408244874297271,1
0.7719472377043859,0.7436713102528532,0
0.48175091976926965,0.5715178875329026,0
0.7291779632606079,0.7130204721255626,0
0.5627638823811264,0.6771802689195711,0
0.4148469756667992,0.4790229638476503,1
0.6255571814036489,0.5350332154135119,0
0.4988256630354201,0.5863451673210285,0
0.5399366881663102,0.6381427726921223,0
0.5234550461856348,0.7199646719196193,0
0.6110772331317218,0.43099348904590945,0
0.5765973335102627,0.5852569365170934,0
0.7210766628586264,0.7562282736867119,0
0.4499581011222871,0.5565163910544783,0
0.30849596315175515,0.4450017479805153,0
0.40612496404167003,0.5577793671624411,1
0.6887040797030284,0.7796313238070566,0
0.49486280826120493,0.7902653351705631,0
0.47129134606905065,0.6141026599676901,0
0.5115273929248128,0.5656034932321633,0
0.7114725906122925,0.724360024005649,0
0.43662419007431524,0.5310066442771401,0
0.7362178504609617,0.6335473947422241,0
0.428622364745379,0.5304109369405983,0
0.5907817498140144,0.8213518035581979,0
0.5692424790801122,0.5320055835532456,0
0.49969035246269117,0.38924987532260347,1
0.373520718984546,0.4513941441164949,0
0.5628033732967859,0.7938309501399373,0
0.7393946266800717,0.7461528571334889,0
0.17104306357558713,0.042065369881638004,0
0.7343931362596636,0.6842661510211644,0
0.7163556088592318,0.6629801014638695,0
0.4852720960776909,0.5182911818518313,0
0.5096945005552085,0.7454125359644511,0
0.40619483676424406,0.5053447253609338,1
0.21273807030878245,0.2820210508110865,0
0.7770050047165797,0.8870355822181063,0
0.4742078946440704,0.6824771617347444,0
0.4939948237788015,0.6219497335748154,0
0.4131001886253771,0.5359767122794774,0
0.6354354690548595,0.6620163507461357,0
0.5366088768126226,0.508932616729546,0
0.6233887064182269,0.6387039235169644,0
0.523698947661657,0.6298216231432031,0
0.560433746266119,0.5580346311913619,0
0.3619893385145929,0.46973459877003365,1
0.1946817857775725,0.31418167007534364,0
0.5725293791669258,0.6180188965608239,0
0.6336501514127943,0.7444128342346223,0
0.9451242269213572,1.0,0
0.6231736579946038,0.462530243387024,0
0.5832539497305675,0.6200900015080302,0
0.4559410085455149,0.45671816279603367,1
0.45004374293443006,0.4558413918490158,1
0.459683058981854,0.37813965795913995,1
0.33137526915122223,0.4599456011823269,1
0.8022319547105338,0.7721518535101781,0
0.36415990959264677,0.22587128008848567,0
0.6019095735158028,0.4862226692839775,0
0.4564234213313645,0.35564231295199744,1
0.64403433465881,0.6625373168729825,0
0.48376984314767174,0.6127776809374857,0
0.46941299261416886,0.4203773556001018,1
0.5887503153276645,0.5292779406887833,0
0.6358252119274971,0.7094604707485799,0
0.586051015349171,0.5813866233154671,0
0.5854855045613362,0.5735795561948642,0
0.47045826629514204,0.5150417449636527,1
0.4987508725757713,0.5174633563450027,0
0.5355185171561357,0.44699280280398856,0
0.669618278791742,0.587110136331387,0
0.42701552738902593,0.3779730432633491,0
0.6648792836215223,0.5883267366107476,0
0.410000121545865,0.4921608774335092,1
0.6813978986529886,0.6123640971724442,0
0.4893638654549346,0.5370008425413346,0
0.4042325684977778,0.2929753709830192,0
0.5075359568035026,0.4813978653439492,1
0.39419014223262294,0.5165493023561711,1
0.4396689754777745,0.3866883834465956,1
0.5604074982507801,0.7086058289536464,0
0.6957012526057681,0.7336737395947341,0
0.2555870199969289,0.38615157385072363,0
0.501831470013812,0.5605128847645108,0
0.249424925529092,0.25628533677491394,0
0.5998022806234078,0.4967915994084746,0
0.4423117718738325,0.46251522852759314,1
0.6254689488017124,0.6377319816938181,0
0.6712635170758124,0.8599928511273929,0
0.5641331006913503,0.3937009977590666,0
0.41668703642116417,0.46981817961971517,1
0.5389554178127418,0.484839099388085,0
0.5654336870841524,0.7292098552723204,0
0.17811930256511893,0.17085932695729,0
0.716848990856364,0.7612634374343126,0
0.5446796162816174,0.7710376623179318,0
0.6003549791771993,0.5360591424940879,0
0.5571542384659406,0.6829501650367578,0
0.576952745635032,0.6807455871496492,0
0.47037966729904523,0.5386628874899403,0
0.6947152360302143,0.6840120216411154,0
0.7968803926308137,0.5575677804066853,0
0.48700661179722704,0.46774556768863185,1
0.3654850855463697,0.33202478232816957,0
0.5467200842723634,0.601922543253935,0
0.4170307616785396,0.5586054135580272,0
0.4742063617350708,0.47183980523992725,1
0.5699501394240404,0.7731439144824603,0
0.6921643017503818,0.8817916176637702,0
0.41411328119705526,0.4530971963299027,0
0.4233719988070472,0.45976494101840265,1
0.746864282406326,0.7297155181690204,0
0.9690619633376607,0.7736957799844518,0
0.3825218237250656,0.36311577663924743,0
0.5077391009567287,0.6551996775547886,0
0.4571066698356946,0.5959313077695241,0
0.7267098095660927,0.77265064301633,0
0.5715535682596613,0.5666416509066771,0
0.41134737682692823,0.4014485913675012,0
0.4118049426161927,0.6673852295812712,1
0.5313896917340213,0.7428357500084637,0
0.516938565820567,0.546413900796488,0
0.4582588133682243,0.5455188426670049,0
0.3709378086454929,0.5777969780482839,1
0.4771668332834282,0.3722499841932031,1
0.5805859510212731,0.44381867327690777,0
0.8111748938636941,0.7753896877594221,0
0.3810464143784121,0.5697282410199697,1
0.2973038760182774,0.04116209097734469,0
0.46151703737173766,0.3354649518933499,0
0.5107034476114292,0.4290394795297137,1
0.5493008667447588,0.6281927120953668,0
0.8179172754971535,0.6679618830397479,0
0.2538900313058919,0.0,0
0.4067003159350862,0.3760066471378521,0
0.6437604459853348,0.7433025653957311,0
0.434058246438406,0.4687418746663172,1
0.4790758513911284,0.4021207586970933,1
0.368898511969236,0.24849530895399885,0
0.6531013805809938,0.769512936715981,0
0.4014570691863081,0.5264159095478842,1
0.6477989536406595,0.4805808176843802,0
0.5830103672794545,0.5761763739671819,0
0.6223812418520833,0.43449720781220363,0
0.551351732086012,0.511678116937577,0
0.7634529052218679,0.6451909851238306,0
0.6708949950793867,0.6274256876591765,0
0.7946824871867706,0.7647315221342542,0
0.26687060981163213,0.28072432774505296,0
0.5877118646164394,0.7176853472706857,0
0.5311694672093831,0.674162570003108,0
0.7657530071261364,0.8446159447763933,0
0.9837964516508311,0.8966250614382104,0
0.42211621538059635,0.44153119967207044,1
0.8395777961187253,0.8827614005033076,0
0.5374010721339272,0.628956850918493,0
0.6616034391062096,0.7734667888215769,0
0.40521400603423163,0.6632284110440936,1
0.3485453117761791,0.5276864796180541,1
0.4958170990312144,0.5502102247463594,0
0.4852414545249903,0.4432967180407186,1
0.30971657044748957,0.4680272782282202,1
0.44257138782459293,0.41789332409470215,1
0.43791866066660723,0.44495722899419365,1
0.6612248954370877,0.5920160845396621,0
0.2347524040964148,0.3586241635607253,0
0.31391160253481476,0.3504043566781697,0
0.22729813593095904,0.33206002753693853,0
0.3443955254103471,0.39851184856742294,0
0.3374853020202417,0.4501728836569327,0
0.7297815438222992,0.8301894783956476,0
0.5547445712231556,0.48992745988746295,0
0.48269886149952324,0.5432386730673318,0
0.6246643227459463,0.6393707128285192,0
0.6761567799333594,0.7651405659845456,0
0.453189533798679,0.3768496561138191,1
0.3641630744465716,0.3182863437706761,0
0.6376749076975343,0.502451934622242,0
0.7046758258661465,0.6174924352212128,0
0.7229022738486676,0.6274170770488472,0
0.3043414073599343,0.4360894809895728,0
0.5501286506853121,0.4655115306666162,0
0.6902067192186907,0.7857395726387274,0
0.557506664394334,0.7768068615806838,0
0.614616778324997,0.775522336273688,0
0.5382799386186684,0.6283334081648421,0
0.5832586200186252,0.7352777832267575,0
0.6598977009289977,0.622264874800337,0
0.5282954990500582,0.6393549442833568,0
0.43020757574886626,0.508690041778898,1
0.537502671275931,0.5199864401353962,0
0.5378244107712055,0.6190313420151706,0
0.3563165722471029,0.49107357361233805,1
0.5382655715956869,0.5360058205354317,0
0.38243125100351905,0.3739211075302839,0
0.3444224789583485,0.4065315508967765,0
0.6732234771646131,0.7863001886300316,0
0.3392333604050093,0.19265005283362024,0
0.33865909407555783,0.2744878454970074,0
0.8602188718298179,0.6244786345052972,0
0.5618320674986863,0.5115803066890144,0
0.6057859114699323,0.6518398279453967,0
0.5677948442018732,0.4713849936338745,0
0.5821603619511937,0.6984135911521119,0
0.5379325869461594,0.6393760422320721,0
0.5242315770707849,0.7270696083441519,0
0.17895137123817,0.14218350685151238,0
0.5768374418045199,0.6074247363827455,0
0.6316303729265682,0.4930422681632412,0
0.4691653383210678,0.5714352944983783,0
0.25220220678271815,0.38497313611066464,0
0.5837782673323332,0.7116686258128265,0
0.6804802950318953,0.7785371456225929,0
0.4513637227997711,0.5062724080055497,1
0.4369143876769899,0.44214774156302705,1
0.8194053780195938,0.5743011691066077,0
0.5106536585549706,0.599191297480049,0
0.7043408708754216,0.5817623127527356,0
0.5158514251550181,0.3781588504808021,1
0.49822515108057497,0.4403380967510202,1
0.43531384097300224,0.41060874655639545,1
0.5450559490430239,0.43869674689476446,0
0.6773319450683206,0.6130947652293823,0
0.5182006643342633,0.5616420478468204,0
0.5499572626806849,0.4363593540101388,0
0.3679811663533085,0.24923125095090032,0
0.25614030327163695,0.39903963746127497,0
0.4854763390732467,0.4338179338730178,1
0.5517637858102461,0.6609796812453126,0
0.40733722359405866,0.29190617561735527,0
0.7326480474155551,0.8438310056845402,0
0.6554568608914912,0.7868174959778365,0
0.36775428227532403,0.44634615560520985,0
0.5293007091306763,0.43067588555209063,0
0.6545556599603833,0.6616389806018366,0
0.6129774351122489,0.42164873027391914,0
0.5235528489661503,0.5474759988735196,0
0.5745469050809952,0.4268550842852968,0
0.5127323857270935,0.6151466821977248,0
0.544773913215969,0.566022613937742,0
0.588867077128042,0.5724258769320336,0
0.47624565870014535,0.5155722660477,1
0.10307913409532704,0.2683861840123956,0
0.24832511188443035,0.30166825233433847,0
0.36516395910129823,0.3827867288666579,0
0.3388791429713617,0.38834616552148915,0
0.6228880945471994,0.6483188582477459,0
0.47964804587321824,0.6471286890378432,0
0.5690913924080041,0.5401577168444796,0
0.4642327234021978,0.4103005958881672,1
0.8227677943663203,0.8066873373218925,0
0.3411004552021494,0.4366930447147578,0
0.46316074583661027,0.4746537380783537,1
0.4303597561078861,0.5175016218434333,0
0.5594560678422688,0.5837045614063965,0
0.7515631174843332,0.8180914711221426,0
0.5774667002023649,0.5957026316597464,0
0.3445706108444916,0.3610938839270582,0
0.6012241459120784,0.6217544039417562,0
0.5229888712141288,0.5772076689734291,0
0.5870817729995471,0.5635167236606896,0
0.4591038004298373,0.5186579725334917,1
0.7579679910590152,0.54371733997908,0
0.5285408456751426,0.47235181766097123,0
0.7100850907796082,0.7030191193108064,0
0.6604946186751297,0.7772311914706189,0
0.4054330528304698,0.47713791941218975,1
0.6304633426782758,0.6085023433468852,0
0.183242719115134,0.4008808787225076,0
0.5113131271095773,0.514630990989324,0
0.7771062729723373,0.7396033207482281,0
0.5827763769391199,0.580188258835687,0
0.37572701393874175,0.41310106619713133,0
0.4510579904623635,0.339848498805838,0
0.4081183653677153,0.4463258570377273,0
0.5239313708138337,0.3435346821148083,0
0.3749811597962888,0.5843695262322641,1
0.6243029577622972,0.7105509974886988,0
0.2375816763329176,0.5092004286414222,1
0.7181003791154476,0.5983365146619092,0
0.26275959603551136,0.34036138708810293,0
0.6751340024366878,0.6946215245188223,0
0.4840673125341467,0.6297771691745768,0
0.5123161524897498,0.5241620084939259,0
0.4967629528289423,0.6134952743232236,0
0.6095068983168433,0.5726284952938543,0
0.6878013782168112,0.7379746326723775,0
0.45348028603680085,0.6954036403606496,0
0.5004617182710881,0.33397931050104307,0
0.5700133594323802,0.5673202895020304,0
0.6336584246529917,0.6977261966146092,0
0.6473573051291337,0.7137152397242466,0
0.6762620777170567,0.6692269436409078,0
0.5150804005520438,0.46480537729654897,1
0.6498253745468381,0.7792722746404216,0
0.2914623297412,0.29142536418417786,0
0.4004651806085919,0.34069792659223264,0
0.5570782171401825,0.7636527098294068,0
0.7306445098638473,0.7590892467780628,0
0.7802803849105533,0.9597788634092266,0
0.35333936929576776,0.4617579796498671,1
0.38036809722949416,0.5825696503714334,1
0.5971226865389356,0.6288640447044009,0
0.33897022998267645,0.31690257556896745,0
0.6201156446941023,0.5817995106360027,0
0.47107728793427955,0.4096399559596995,1
0.6823894146902756,0.6561694914993368,0
0.504026413689245,0.5427065669779452,0
0.774141260406875,0.9667963012955197,0
0.43354873154920237,0.3668358496843398,1
0.5583679994258893,0.5212667434048122,0
0.8004942729338108,0.8512165128880766,0
0.3763815781819766,0.3295762477983403,0
0.5099244470919225,0.5397310369118095,0
0.4398387653003671,0.4196410391566244,1
0.5283431648343684,0.37902547496257494,1
